class,quote,source,source_url,checked_on
Artillery,"Artillery Mages are the masters of range, and they leverage that advantage to whittle down their opponents over time from great distances. In turn, Artillery Mages are severely punished when enemies finally succeed in closing in on them, due to their extreme fragility and limited mobility.",LoL Wiki - Champion classes (wording of Riot dev blog Classes & Subclasses 2016),https://wiki.leagueoflegends.com/en-us/Champion_classes,2026-10-03
Assassin,"Assassins specialize in infiltrating enemy lines with their unrivaled mobility to quickly dispatch high-priority targets. Due to their mostly melee nature, Assassins must put themselves into dangerous positions in order to execute their targets. Luckily, they often have defensive tricks up their sleeves that, if used cleverly, allow them to effectively avoid incoming damage.",LoL Wiki - Champion classes (wording of Riot dev blog Classes & Subclasses 2016),https://wiki.leagueoflegends.com/en-us/Champion_classes,2026-10-03
Battlemage,"Due to their relatively short (but not melee) combat ranges and the need to burn down their opponents over time, Battle Mages have significant defensive capabilities that range from sustaining endlessly to literally defying death for a short period of time.",LoL Wiki - Champion classes (wording of Riot dev blog Classes & Subclasses 2016; second sentence only),https://wiki.leagueoflegends.com/en-us/Champion_classes,2026-10-03
Burst,Burst Mages aim to single out vulnerable targets by locking them down and following up with a devastating barrage of damage from range.,LoL Wiki - Champion classes (wording of Riot dev blog Classes & Subclasses 2016; first sentence only),https://wiki.leagueoflegends.com/en-us/Champion_classes,2026-10-03
Controller,Controllers are defensive casters that oversee the battlefield by protecting and opening up opportunities for their allies.,LoL Wiki - Champion classes (wording of Riot dev blog Classes & Subclasses 2016),https://wiki.leagueoflegends.com/en-us/Champion_classes,2026-10-03
Diver,"Divers are the more mobile portion of the Fighter class. Divers excel at singling out high-priority targets to blitz toward, immediately forcing those targets (and their teammates) to deal with the diver’s presence. Divers are not as durable as the tanks or juggernauts of the world, but Divers can take their fair share of punishment while bringing enough damage to be a real kill threat if left unchecked.",LoL Wiki - Champion classes (wording of Riot dev blog Classes & Subclasses 2016),https://wiki.leagueoflegends.com/en-us/Champion_classes,2026-10-03
Enchanter,"Enchanters focus on amplifying their allies' effectiveness by directly augmenting them and defending them from incoming threats. Enchanters themselves are often quite fragile and bring relatively low damage to the table, meaning they really only shine when grouped together with others.",LoL Wiki - Champion classes (wording of Riot dev blog Classes & Subclasses 2016),https://wiki.leagueoflegends.com/en-us/Champion_classes,2026-10-03
Fighter,Fighters are durable and damage-focused melee champions that look to be in the thick of combat.,LoL Wiki - Champion classes (wording of Riot dev blog Classes & Subclasses 2016),https://wiki.leagueoflegends.com/en-us/Champion_classes,2026-10-03
Juggernaut,"Juggernauts are melee titans who relentlessly march down the opposition and devastate those foolish enough to get within their grasp. They are the only subclass who excel at both dealing and taking significant amounts of damage, but in turn they have a tough time closing in on targets due to their low range and extremely limited mobility.",LoL Wiki - Champion classes (wording of Riot dev blog Classes & Subclasses 2016),https://wiki.leagueoflegends.com/en-us/Champion_classes,2026-10-03
Mage,Mages are offensive casters that seek to cripple and burn down the opposition through their potent spells.,LoL Wiki - Champion classes (wording of Riot dev blog Classes & Subclasses 2016),https://wiki.leagueoflegends.com/en-us/Champion_classes,2026-10-03
Marksman,"Marksmen [...] excel at dealing reliable sustained damage at range (usually through basic attacks) while constantly skirting the edge of danger. Although Marksmen have the ability to stay relatively safe by kiting their foes, they are very fragile and are extremely reliant on powerful item purchases to become true damage threats.",LoL Wiki - Champion classes (wording of Riot dev blog Classes & Subclasses 2016; wiki parenthetical omitted),https://wiki.leagueoflegends.com/en-us/Champion_classes,2026-10-03
Skirmisher,"Because Skirmishers lack high-end burst damage or reliable ways of closing in on high-priority targets, they are instead armed with situationally powerful defensive tools to survive in the fray, along with extreme sustained damage to cut down even the most durable targets.",LoL Wiki - Champion classes (wording of Riot dev blog Classes & Subclasses 2016; second sentence only),https://wiki.leagueoflegends.com/en-us/Champion_classes,2026-10-03
Slayer,Slayers [...] are fragile but agile damage-focused melee champions that look to swiftly take down their targets.,LoL Wiki - Champion classes (wording of Riot dev blog Classes & Subclasses 2016; wiki parenthetical omitted),https://wiki.leagueoflegends.com/en-us/Champion_classes,2026-10-03
Tank,Tanks excel in shrugging off incoming damage and focus on disrupting their enemies more than being significant damage threats themselves.,LoL Wiki - Champion classes (wording of Riot dev blog Classes & Subclasses 2016),https://wiki.leagueoflegends.com/en-us/Champion_classes,2026-10-03
Vanguard,Their explosive team fight initiation seeks to catch enemies out of position while allowing allies to follow-up to devastating effect.,LoL Wiki - Champion classes (wording of Riot dev blog Classes & Subclasses 2016; third sentence only),https://wiki.leagueoflegends.com/en-us/Champion_classes,2026-10-03
Warden,Wardens keep their allies out of harm’s way and allow them to safely deal with enemies caught in the fray.,LoL Wiki - Champion classes (wording of Riot dev blog Classes & Subclasses 2016; last sentence only),https://wiki.leagueoflegends.com/en-us/Champion_classes,2026-10-03
