fact_id,topic,role,text,source,source_url,patch,checked_on
dragon_timers,objective,,"The first dragon spawns at 5:00, and the next one 5 minutes after a dragon dies. After a team's fourth dragon, the Elder Dragon spawns instead, with a 6-minute respawn.",LoL Wiki: Dragon pit,https://wiki.leagueoflegends.com/en-us/Dragon_pit,26.19,2026-10-03
grubs_timer,objective,,"Void Grubs spawn once, at 8:00, and don't respawn.","Riot: Patch 25.09 notes (no change since, per the wiki's Voidgrub camp history)",https://www.leagueoflegends.com/en-us/news/game-updates/patch-25-09-notes/,25.09,2026-10-03
herald_timer,objective,,"The Rift Herald spawns once, at 15:00, and leaves at 19:45 (19:55 if it's in a fight).",Riot: Patch 25.09 notes (spawn); LoL Wiki: Rift Herald (despawn),https://www.leagueoflegends.com/en-us/news/game-updates/patch-25-09-notes/,25.09,2026-10-03
baron_timer,objective,,Baron Nashor spawns at 20:00.,Riot: Patch 26.1 notes,https://www.leagueoflegends.com/en-us/news/game-updates/patch-26-1-notes/,26.1,2026-10-03
atakhan_removed,objective,,Atakhan has been removed from the game.,Riot: Patch 26.1 notes,https://www.leagueoflegends.com/en-us/news/game-updates/patch-26-1-notes/,26.1,2026-10-03
camp_timers,camps,,"Wolves, Blue Sentinel, Red Brambleback and Raptors spawn at 0:55; Krugs and Gromp at 1:07; the Scuttle Crabs at 2:55.",Riot: Patch 26.1 notes,https://www.leagueoflegends.com/en-us/news/game-updates/patch-26-1-notes/,26.1,2026-10-03
minion_timer,camps,,Minions spawn at 0:30.,Riot: Patch 26.1 notes,https://www.leagueoflegends.com/en-us/news/game-updates/patch-26-1-notes/,26.1,2026-10-03
quest_top,role_quest,top,"Top's role quest reward: Unleashed Teleport as a bonus summoner spell (390-second cooldown); if Teleport is already taken, it shields for 35% of maximum health for 10 seconds after the channel and its cooldown drops by 30 seconds. Also 600 experience, 11% bonus experience, 80 bonus experience per takedown, and a level cap of 20.",LoL Wiki: Role Quests (Riot: Patch 26.19 notes for the cooldown),https://wiki.leagueoflegends.com/en-us/Role_Quests,26.19,2026-10-03
quest_jungle,role_quest,jungle,"Jungle's role quest reward: Primal Smite, 10 bonus gold and 10 bonus experience per jungle camp, and 4% movement speed in the jungle or river (8% out of combat).",LoL Wiki: Role Quests,https://wiki.leagueoflegends.com/en-us/Role_Quests,26.19,2026-10-03
quest_mid,role_quest,mid,"Mid's role quest reward: 8% bonus AD and 8% bonus AP, and Tier 2 boots upgrade to exclusive Tier 3 boots for free.",LoL Wiki: Role Quests,https://wiki.leagueoflegends.com/en-us/Role_Quests,26.19,2026-10-03
quest_bot,role_quest,bot,"Bot's role quest reward: 300 gold, 2 bonus gold per minion, 40 bonus gold per champion takedown, and boots move to the role quest slot.",LoL Wiki: Role Quests,https://wiki.leagueoflegends.com/en-us/Role_Quests,26.19,2026-10-03
quest_support,role_quest,support,"Support's role quest reward: Runic Compass upgrades to Bounty of Worlds, and Control Wards cost 40 gold.",LoL Wiki: Role Quests,https://wiki.leagueoflegends.com/en-us/Role_Quests,26.19,2026-10-03
